,Unnamed: 0,movie_id,name
0,15,8844,Kirsten Dunst
1,20,8844,Patricia Clarkson
2,47,31357,Angela Bassett
3,75,949,Ashley Judd
4,77,949,Natalie Portman
5,206,710,Famke Janssen
6,208,710,Judi Dench
7,375,4584,Kate Winslet
8,376,4584,Emma Thompson
9,411,5,Salma Hayek
10,433,11517,Jennifer Lopez
11,448,8012,Rene Russo
12,479,9691,Julianne Moore
13,522,9263,Christina Ricci
14,532,9263,Cloris Leachman
15,695,9598,Miriam Margolyes
16,724,687,Susan Sarandon
17,729,687,Celia Weston
18,733,687,Margo Martindale
19,860,577,Nicole Kidman
20,874,11861,Winona Ryder
21,910,807,Gwyneth Paltrow
22,1004,11448,Helena Bonham Carter
23,1204,755,Juliette Lewis
24,1206,755,Salma Hayek
25,1240,11859,Salma Hayek
26,1525,9095,Julia Roberts
27,1537,12158,Angela Bassett
28,1715,688,Meryl Streep
29,1997,11066,Halle Berry
30,2089,2074,Celia Weston
31,2454,414,Nicole Kidman
32,2458,414,Drew Barrymore
33,2538,8839,Christina Ricci
34,2696,8068,Salma Hayek
35,2787,10428,Angelina Jolie
36,2866,9482,Diane Lane
37,2904,9344,Rosario Dawson
38,3043,1642,Sandra Bullock
39,3183,10149,Ashley Judd
40,3268,281,Angela Bassett
41,3270,281,Juliette Lewis
42,3549,9382,Whoopi Goldberg
43,3551,9382,Drew Barrymore
44,3686,8467,Lin Shaye
45,3998,1024,Kate Winslet
46,4070,628,Kirsten Dunst
47,4086,87729,Gwyneth Paltrow
48,4108,6280,Emma Thompson
49,4250,11,Carrie Fisher
50,4507,28313,Halle Berry
51,4540,3036,Helena Bonham Carter
52,4732,241,Juliette Lewis
53,4811,6950,Rene Russo
54,4825,101,Natalie Portman
55,4865,63020,Anjelica Huston
56,5067,161495,Julianne Moore
57,5075,3586,Kim Basinger
58,5087,3586,Julia Roberts
59,5367,9067,Naomi Watts
60,5471,193,Whoopi Goldberg
61,5599,1587,Juliette Lewis
62,5633,2064,Sandra Bullock
63,5788,10731,Susan Sarandon
64,5851,888,Halle Berry
65,5862,13,Robin Wright
66,5982,10879,Julia Roberts
67,6059,8587,Whoopi Goldberg
68,6117,11596,Lin Shaye
69,6132,854,Cameron Diaz
70,6278,2788,Winona Ryder
71,6290,2788,Renée Zellweger
72,6339,1637,Sandra Bullock
73,6345,1637,Beth Grant
74,6754,10436,Michelle Pfeiffer
75,6755,10436,Winona Ryder
76,6770,10436,Miriam Margolyes
77,7300,9571,Milla Jovovich
78,7308,9571,Renée Zellweger
79,7311,9739,Sandra Bullock
80,7547,37233,Margo Martindale
81,7608,5503,Julianne Moore
82,7624,5503,Jane Lynch
83,7880,9386,Rene Russo
84,7921,7984,Emma Thompson
85,8046,10909,Juliette Lewis
86,8177,10440,Diane Keaton
87,8180,10440,Anjelica Huston
88,8214,2320,Halle Berry
89,8656,1245,Emma Thompson
90,8776,2088,Juliette Lewis
91,9370,15139,Whoopi Goldberg
92,9758,251,Whoopi Goldberg
93,9908,268,Kim Basinger
94,10031,114,Julia Roberts
95,10215,275,Frances McDormand
96,10446,1592,Frances McDormand
97,10856,10539,Miriam Margolyes
98,10859,10539,Susan Sarandon
99,10902,47502,Allison Janney
100,12036,9826,Catherine Zeta-Jones
101,12089,7095,Diane Lane
102,12091,7095,Jennifer Lopez
103,12398,9894,Leslie Mann
104,12421,11543,Lin Shaye
105,12564,26748,Frances McDormand
106,12615,11363,Cameron Diaz
107,12616,11363,Jennifer Aniston
108,12619,11363,Leslie Mann
109,12620,11363,Amanda Peet
110,12622,1645,Sandra Bullock
111,12631,1645,Ashley Judd
112,12640,1645,Beth Grant
113,12643,1645,Octavia Spencer
114,12672,18550,Salma Hayek
115,12837,2925,Diane Keaton
116,12838,2925,Maggie Smith
117,12842,2925,Marcia Gay Harden
118,12867,3595,Rene Russo
119,12936,12123,Rachel Weisz
120,13018,3573,Gwyneth Paltrow
121,13077,9431,Whoopi Goldberg
122,13160,47907,Marcia Gay Harden
123,13221,10478,Rene Russo
124,13285,238,Diane Keaton
125,13772,872,Bess Flowers
126,13834,426,Bess Flowers
127,13849,567,Bess Flowers
128,13949,213,Bess Flowers
129,14874,705,Bess Flowers
130,15160,303,Bess Flowers
131,15207,381,Bess Flowers
132,15263,1859,Bess Flowers
133,15397,1939,Bess Flowers
134,15785,2897,Bess Flowers
135,16852,1770,Julia Roberts
136,16911,9333,Leslie Mann
137,16921,9333,Lin Shaye
138,16930,9400,Queen Latifah
139,17666,41843,Julianne Moore
140,17811,25147,Kate Winslet
141,17953,454,Miriam Margolyes
142,18238,11561,Diane Keaton
143,18376,521,Bess Flowers
144,18568,15764,Meryl Streep
145,18584,601,Drew Barrymore
146,18618,2119,Nicole Kidman
147,18627,2119,Margo Martindale
148,18961,10379,Carrie Fisher
149,19805,510,Anjelica Huston
150,19822,1891,Carrie Fisher
151,19897,2493,Robin Wright
152,19995,679,Sigourney Weaver
153,20274,1892,Carrie Fisher
154,20568,348,Sigourney Weaver
155,20691,525,Carrie Fisher
156,20733,240,Diane Keaton
157,21061,703,Diane Keaton
158,21075,703,Sigourney Weaver
159,21386,379,Marcia Gay Harden
160,21426,379,Frances McDormand
161,21792,11778,Meryl Streep
162,21926,982,Bess Flowers
163,22025,1633,Kathy Bates
164,22162,3034,Cloris Leachman
165,22192,339,Winona Ryder
166,22490,11031,Anjelica Huston
167,22697,11257,Maggie Smith
168,22698,11257,Helena Bonham Carter
169,22703,11257,Judi Dench
170,22880,642,Cloris Leachman
171,22929,639,Carrie Fisher
172,23063,8077,Sigourney Weaver
173,23382,6114,Winona Ryder
174,23495,1598,Juliette Lewis
175,23589,377,Lin Shaye
176,24015,364,Michelle Pfeiffer
177,24085,9037,Michelle Pfeiffer
178,24325,75,Natalie Portman
179,24351,9390,Renée Zellweger
180,24378,378,Frances McDormand
181,24419,9819,Diane Keaton
182,24420,9819,Meryl Streep
183,24427,9819,Margo Martindale
184,24498,4232,Drew Barrymore
185,25235,9403,Allison Janney
186,25373,16052,Jennifer Lopez
187,25522,9360,Jennifer Lopez
188,25738,816,Carrie Fisher
189,25813,18,Milla Jovovich
190,26054,330,Julianne Moore
191,26195,1639,Sandra Bullock
192,26351,8874,Julia Roberts
193,26353,8874,Cameron Diaz
194,26520,686,Angela Bassett
195,26762,9413,Jennifer Aniston
196,26787,8834,Julia Roberts
197,27120,2118,Kim Basinger
198,27189,9437,Ashley Judd
199,27402,10155,Jennifer Lopez
200,27516,68924,Sigourney Weaver
201,27519,68924,Christina Ricci
202,27625,1813,Charlize Theron
203,27691,12628,Angelina Jolie
204,27987,4995,Julianne Moore
205,28154,10215,Gwyneth Paltrow
206,28322,9444,Kirsten Dunst
207,28358,8078,Sigourney Weaver
208,28359,8078,Winona Ryder
209,28514,2639,Jennifer Garner
210,28518,9574,Marcia Gay Harden
211,28640,9714,Scarlett Johansson
212,28803,597,Kate Winslet
213,28807,597,Kathy Bates
214,28947,714,Judi Dench
215,29037,547,Scarlett Johansson
216,29116,115,Julianne Moore
217,29176,9410,Gwyneth Paltrow
218,29275,586,Kirsten Dunst
219,29286,2666,Jennifer Connelly
220,29480,9457,Famke Janssen
221,29608,11003,Drew Barrymore
222,29627,10153,Queen Latifah
223,29671,2898,Maya Rudolph
224,30095,17127,Jennifer Aniston
225,30099,17127,Allison Janney
226,30272,9469,Milla Jovovich
227,30273,9469,Rosario Dawson
228,30888,9452,Halle Berry
229,30930,1878,Christina Ricci
230,30933,1878,Cameron Diaz
231,30955,9844,Christina Ricci
232,31042,1965,Gwyneth Paltrow
233,31084,6068,Allison Janney
234,31259,10674,Miriam Margolyes
235,31338,3050,Beth Grant
236,31345,1389,Jennifer Lopez
237,31354,1389,Catherine Keener
238,31357,1389,Viola Davis
239,31396,9464,Christina Ricci
240,31400,9464,Anjelica Huston
241,31491,944,Rene Russo
242,31515,11551,Kirsten Dunst
243,31535,11551,Christina Ricci
244,31555,544,Cameron Diaz
245,31560,544,Lin Shaye
246,32495,12102,Meryl Streep
247,32559,606,Meryl Streep
248,32614,380,Beth Grant
249,32702,13597,Jennifer Connelly
250,33198,11186,Beth Grant
251,33400,943,Rene Russo
252,33475,9342,Catherine Zeta-Jones
253,33910,859,Michelle Pfeiffer
254,33959,242,Diane Keaton
255,34700,11974,Carrie Fisher
256,35007,10249,Jennifer Connelly
257,35016,10249,Margo Martindale
258,35347,227,Diane Lane
259,35559,2907,Anjelica Huston
260,35561,2907,Christina Ricci
261,35577,9454,Drew Barrymore
262,35579,9454,Anjelica Huston
263,35605,8688,Carla Gugino
264,35651,23954,Susan Sarandon
265,35852,15144,Joan Cusack
266,35982,33644,Angela Bassett
267,35984,33644,Whoopi Goldberg
268,36146,77469,Catherine Keener
269,36260,4011,Winona Ryder
270,36530,3682,Salma Hayek
271,36619,117,Patricia Clarkson
272,37154,10220,Famke Janssen
273,37235,22796,Ashley Judd
274,37317,12626,Joan Cusack
275,37340,3525,Sigourney Weaver
276,37342,3525,Joan Cusack
277,37371,2321,Michelle Pfeiffer
278,37377,2321,Joan Cusack
279,38045,10403,Whoopi Goldberg
280,38084,10403,Anjelica Huston
281,38100,10403,Julia Roberts
282,38105,10403,Susan Sarandon
283,38123,162,Winona Ryder
284,38169,8916,Jennifer Lopez
285,38199,9429,Jennifer Coolidge
286,38201,9429,Eva Mendes
287,38205,9429,Molly Shannon
288,38277,10156,Cloris Leachman
289,38418,4437,Helen Mirren
290,38530,6435,Sandra Bullock
291,38531,6435,Nicole Kidman
292,38541,6435,Margo Martindale
293,38569,10683,Molly Shannon
294,38688,20701,Julianne Moore
295,38773,46889,Queen Latifah
296,38815,10663,Kathy Bates
297,38829,4518,Cate Blanchett
298,38886,297,Marcia Gay Harden
299,39106,14444,Whoopi Goldberg
300,39746,9447,Miriam Margolyes
301,39751,12257,Drew Barrymore
302,39772,10029,Cameron Diaz
303,39801,11252,Julianne Moore
304,39862,9837,Michelle Pfeiffer
305,39863,9837,Sandra Bullock
306,39866,9837,Helen Mirren
307,39895,1934,Gwyneth Paltrow
308,39898,1934,Judi Dench
309,40359,5825,Juliette Lewis
310,40443,9276,Salma Hayek
311,40444,9276,Famke Janssen
312,40585,10368,Judi Dench
313,40587,10368,Maggie Smith
314,40719,825,Angelina Jolie
315,40727,825,Patricia Clarkson
316,40733,825,Amanda Peet
317,41472,2112,Maria Bello
318,41486,16172,Patricia Clarkson
319,41491,16172,Amanda Peet
320,41564,10207,Robin Wright
321,41596,18892,Judy Greer
322,41622,1542,Jennifer Aniston
323,41660,15256,Kate Hudson
324,41666,15256,Christina Ricci
325,41674,8224,Catherine Keener
326,42331,9535,Molly Shannon
327,42361,796,Reese Witherspoon
328,42451,30943,Michelle Pfeiffer
329,42453,30943,Whoopi Goldberg
330,42621,1641,Sandra Bullock
331,42868,4951,Allison Janney
332,42973,9430,Melissa McCarthy
333,42980,11355,Drew Barrymore
334,42983,11355,Molly Shannon
335,42985,11355,Jessica Alba
336,42988,11355,Octavia Spencer
337,43024,9465,Julianne Moore
338,43140,1902,Penélope Cruz
339,43240,1844,Catherine Zeta-Jones
340,43262,6552,Jessica Alba
341,43368,3309,Bess Flowers
342,43451,8592,Kathy Bates
343,43467,564,Rachel Weisz
344,43673,1893,Natalie Portman
345,43687,1893,Keira Knightley
346,44337,36685,Susan Sarandon
347,44617,509,Julia Roberts
348,44942,24137,Cate Blanchett
349,44945,24137,Julianne Moore
350,45004,9032,Leslie Mann
351,45125,8487,Salma Hayek
352,45225,2105,Jennifer Coolidge
353,45322,345,Nicole Kidman
354,45373,620,Sigourney Weaver
355,45423,2978,Sigourney Weaver
356,45443,10490,Kirsten Dunst
357,45446,10490,Amy Adams
358,45448,10490,Allison Janney
359,45463,11618,Catherine Zeta-Jones
360,45547,4806,Julia Roberts
361,45549,4806,Joan Cusack
362,45872,873,Whoopi Goldberg
363,45956,10776,Miriam Margolyes
364,46125,16406,Kirsten Dunst
365,46158,10386,Jennifer Aniston
366,46163,10386,Cloris Leachman
367,46238,913,Rene Russo
368,46423,9781,Lin Shaye
369,46843,9944,Julia Roberts
370,46884,10342,Helen Mirren
371,47132,2900,Charlize Theron
372,47694,14,Allison Janney
373,47754,11001,Octavia Spencer
374,47795,9453,Helen Mirren
375,47923,11527,Helen Mirren
376,48054,10398,Ashley Judd
377,48219,6415,Judy Greer
378,48308,10349,Beth Grant
379,48611,11541,Sigourney Weaver
380,48780,18254,Diane Keaton
381,48808,18254,Miriam Margolyes
382,49445,8052,Gwyneth Paltrow
383,49568,550,Helena Bonham Carter
384,49645,12220,Michelle Pfeiffer
385,49847,11562,Anjelica Huston
386,50285,11377,Famke Janssen
387,50299,26149,Meryl Streep
388,50300,26149,Angela Bassett
389,50301,26149,Cloris Leachman
390,50316,492,Cameron Diaz
391,50317,492,Catherine Keener
392,50323,492,Winona Ryder
393,50331,492,Octavia Spencer
394,50406,2020,Renée Zellweger
395,50422,9481,Angelina Jolie
396,50423,9481,Queen Latifah
397,51182,47941,Carrie Fisher
398,51213,21349,Susan Sarandon
399,51214,21349,Natalie Portman
400,51233,1832,Salma Hayek
401,51251,10047,Milla Jovovich
402,51819,2668,Christina Ricci
403,51853,36643,Judi Dench
404,51862,99,Penélope Cruz
405,52271,11393,Kim Basinger
406,52512,9946,Miriam Margolyes
407,52520,863,Joan Cusack
408,52704,20024,Julianne Moore
409,52787,9586,Kirsten Dunst
410,52992,10402,Amy Poehler
411,53004,497,Patricia Clarkson
412,53033,1715,Charlize Theron
413,53092,25188,Cloris Leachman
414,53226,334,Julianne Moore
415,53246,334,Miriam Margolyes
416,53263,50116,Catherine Keener
417,53483,9563,Cameron Diaz
418,53573,926,Sigourney Weaver
419,53594,1213,Gwyneth Paltrow
420,53596,1213,Cate Blanchett
421,53602,1213,Celia Weston
422,53908,10384,Angela Bassett
423,54055,10493,Nicole Kidman
424,54182,35119,Meryl Streep
425,54562,75531,Amanda Peet
426,54626,1883,Angela Bassett
427,54694,2005,Whoopi Goldberg
428,54695,2005,Maggie Smith
429,54710,6279,Whoopi Goldberg
430,54720,6279,Maggie Smith
431,54733,11087,Julianne Moore
432,54953,9374,Meryl Streep
433,54974,11259,Nicole Kidman
434,55281,4234,Carrie Fisher
435,55305,29076,Sandra Bullock
436,55394,1907,Tilda Swinton
437,55611,10385,Diane Keaton
438,55617,10385,Cloris Leachman
439,55623,10385,Celia Weston
440,55654,2069,Amanda Peet
441,55910,2155,Charlize Theron
442,56046,25166,Melissa McCarthy
443,56509,287,Susan Sarandon
444,57020,918,Kim Basinger
445,57034,61178,Kim Basinger
446,57229,462,Julia Roberts
447,57351,1541,Susan Sarandon
448,57522,1713,Halle Berry
449,57528,1713,Queen Latifah
450,58076,37722,Jennifer Connelly
451,58490,526,Michelle Pfeiffer
452,58506,13346,Winona Ryder
453,58522,243,Catherine Zeta-Jones
454,58523,243,Joan Cusack
455,58636,879,Julia Roberts
456,58638,879,Maggie Smith
457,58644,879,Gwyneth Paltrow
458,58660,879,Carrie Fisher
459,58796,1700,Kathy Bates
460,59394,1359,Reese Witherspoon
461,59807,18041,Kate Hudson
462,59847,1443,Kirsten Dunst
463,59955,889,Kristen Stewart
464,59956,10564,Natalie Portman
465,59957,10564,Ashley Judd
466,59959,10564,Joan Cusack
467,60394,10560,Zoe Saldana
468,60744,21879,Michelle Pfeiffer
469,60752,98502,Julianne Moore
470,61415,9600,Octavia Spencer
471,61983,1551,Julia Roberts
472,61998,1551,Beth Grant
473,62394,10068,Kim Basinger
474,62404,11495,Drew Barrymore
475,62508,9679,Angelina Jolie
476,63120,7450,Drew Barrymore
477,63209,2123,Renée Zellweger
478,63245,17711,Rene Russo
479,63264,17711,Whoopi Goldberg
480,63267,2133,Diane Lane
481,63669,4244,Melissa McCarthy
482,63717,4247,Anna Faris
483,63834,36657,Halle Berry
484,63835,36657,Famke Janssen
485,63895,2655,Michelle Pfeiffer
486,64182,11686,Diane Keaton
487,64381,6282,Maria Bello
488,64411,5551,Marcia Gay Harden
489,64881,8843,Jennifer Lopez
490,65147,1588,Kirsten Dunst
491,65361,1619,Juliette Lewis
492,65374,786,Kate Hudson
493,65376,786,Frances McDormand
494,65528,12212,Eva Mendes
495,66246,641,Jennifer Connelly
496,66329,16888,Julianne Moore
497,66604,4327,Cameron Diaz
498,66606,4327,Drew Barrymore
499,66618,4327,Melissa McCarthy
500,66622,4958,Charlize Theron
501,66655,11978,Charlize Theron
502,66763,10862,Gwyneth Paltrow
503,66785,8871,Molly Shannon
504,66877,10876,Kate Winslet
505,66895,9741,Robin Wright
506,67399,11064,Lin Shaye
507,67519,392,Judi Dench
508,67541,8859,Jennifer Garner
509,67625,3981,Judy Greer
510,67739,2046,Cate Blanchett
511,67807,1493,Sandra Bullock
512,67929,1900,Catherine Zeta-Jones
513,67946,1900,Salma Hayek
514,67950,1900,Viola Davis
515,68271,5955,Helen Mirren
516,68272,5955,Robin Wright
517,68278,5955,Patricia Clarkson
518,68445,2018,Jennifer Lopez
519,68452,2018,Judy Greer
520,69591,9740,Julianne Moore
521,69623,10878,Amanda Peet
522,69682,1921,Charlize Theron
523,69756,23685,Whoopi Goldberg
524,69877,6073,Julia Roberts
525,69956,2749,Charlize Theron
526,70608,4587,Winona Ryder
527,70609,4587,Christina Ricci
528,70745,4192,Maggie Smith
529,70925,853,Rachel Weisz
530,70951,10877,Eva Mendes
531,71057,10054,Carla Gugino
532,71136,4133,Penélope Cruz
533,71221,634,Renée Zellweger
534,71448,111,Michelle Pfeiffer
535,71593,24113,Diane Keaton
536,71613,1734,Rachel Weisz
537,71857,78133,Kathy Bates
538,72106,5852,Jennifer Lopez
539,72135,808,Cameron Diaz
540,72164,824,Nicole Kidman
541,72281,676,Jennifer Garner
542,72307,676,Beth Grant
543,72418,22414,Meryl Streep
544,72551,1632,Frances McDormand
545,72902,9397,Julianne Moore
546,72923,9705,Halle Berry
547,73355,1995,Angelina Jolie
548,73464,644,Meryl Streep
549,73490,10691,Kirsten Dunst
550,73666,10992,Miriam Margolyes
551,73669,10992,Susan Sarandon
552,73687,4248,Anna Faris
553,74095,19200,Kathy Bates
554,74644,8835,Reese Witherspoon
555,74649,8835,Jennifer Coolidge
556,74668,11371,Angela Bassett
557,74717,15745,Famke Janssen
558,75153,3980,Lin Shaye
559,75166,10127,Lin Shaye
560,75519,12120,Kim Basinger
561,75524,12120,Juliette Lewis
562,77078,9942,Rene Russo
563,77511,869,Helena Bonham Carter
564,77599,2171,Molly Shannon
565,77605,2171,Amy Poehler
566,77608,2171,Elizabeth Banks
567,78221,183,Beth Grant
568,78307,2148,Diane Lane
569,78433,2057,Angelina Jolie
570,78443,9880,Anne Hathaway
571,78668,11542,Drew Barrymore
572,78788,2770,Jennifer Coolidge
573,78832,12610,Molly Shannon
574,78853,13496,Kathy Bates
575,78906,1722,Penélope Cruz
576,78921,9896,Whoopi Goldberg
577,78937,9896,Kathy Bates
578,79035,2294,Carrie Fisher
579,79440,12508,Jennifer Aniston
580,79447,12508,Beth Grant
581,79451,12508,Beth Grant
582,79593,2176,Diane Lane
583,79612,20857,Diane Lane
584,79653,2185,Rene Russo
585,79702,2034,Eva Mendes
586,79758,31016,Rosario Dawson
587,80111,248,Bess Flowers
588,80249,12103,Famke Janssen
589,80261,11313,Celia Weston
590,80272,9398,Milla Jovovich
591,80287,9398,Natalie Portman
592,80321,9398,Jennifer Coolidge
593,80367,9398,Winona Ryder
594,80497,9778,Molly Shannon
595,80783,3172,Cate Blanchett
596,80830,1018,Naomi Watts
597,81164,11091,Drew Barrymore
598,81256,167,Celia Weston
599,81337,141,Drew Barrymore
600,81338,141,Beth Grant
601,81482,10796,Carla Gugino
602,81508,9889,Gwyneth Paltrow
603,81616,671,Maggie Smith
604,81678,20794,Helena Bonham Carter
605,82687,161,Julia Roberts
606,82972,1903,Penélope Cruz
607,82973,1903,Cameron Diaz
608,82978,1903,Tilda Swinton
609,83021,9428,Anjelica Huston
610,83023,9428,Gwyneth Paltrow
611,83217,120,Cate Blanchett
612,83260,453,Jennifer Connelly
613,83445,37257,Bess Flowers
614,83594,10269,Miriam Margolyes
615,83596,5279,Helen Mirren
616,83598,5279,Maggie Smith
617,83627,10950,Michelle Pfeiffer
618,83663,10950,Elle Fanning
619,83664,1365,Halle Berry
620,84729,20009,Cameron Diaz
621,84849,47871,Celia Weston
622,84898,9884,Jane Lynch
623,85067,69928,Kim Basinger
624,85191,17130,Zoe Saldana
625,85529,10052,Kathy Bates
626,86111,35614,Cloris Leachman
627,86223,13950,Eva Mendes
628,86255,15186,Catherine Keener
629,86258,15186,Julia Roberts
630,86926,1576,Milla Jovovich
631,86953,5851,Rene Russo
632,87563,4547,Kristen Stewart
633,87577,4547,Nicole Kidman
634,87580,14635,Beth Grant
635,87726,11560,Ashley Judd
636,87729,11560,Amanda Peet
637,87892,1537,Amanda Peet
638,87914,11812,Cameron Diaz
639,87926,35080,Kirsten Dunst
640,88134,11892,Sandra Bullock
641,88276,16643,Angelina Jolie
642,88630,557,Kirsten Dunst
643,88638,557,Elizabeth Banks
644,88641,557,Octavia Spencer
645,88866,2251,Diane Lane
646,88875,2251,Michelle Monaghan
647,89043,245,Rachel Weisz
648,89074,1894,Natalie Portman
649,89097,1894,Rose Byrne
650,89307,1957,Jennifer Lopez
651,89309,1957,Juliette Lewis
652,90138,180,Cameron Diaz
653,90178,2022,Winona Ryder
654,90342,608,Rosario Dawson
655,90711,818,Gwyneth Paltrow
656,91223,9488,Carla Gugino
657,91250,9962,Jennifer Aniston
658,91272,9573,Anjelica Huston
659,91500,11692,Rosario Dawson
660,91542,30072,Gwyneth Paltrow
661,91591,12771,Amy Adams
662,91748,10323,Maggie Smith
663,92043,13536,Frances McDormand
664,92227,9685,Amanda Peet
665,92230,9685,Susan Sarandon
666,92236,9685,Celia Weston
667,92673,9093,Kate Hudson
668,92720,9039,Charlize Theron
669,92803,11529,Reese Witherspoon
670,92859,31005,Susan Sarandon
671,93319,37964,Queen Latifah
672,93570,12779,Elizabeth Banks
673,93619,565,Naomi Watts
674,93637,14112,Maria Bello
675,94954,1360,Salma Hayek
676,94960,1360,Ashley Judd
677,95042,12208,Anjelica Huston
678,95124,8427,Famke Janssen
679,95140,9021,Molly Shannon
680,95211,65,Kim Basinger
681,95228,10712,Julianne Moore
682,95231,10712,Patricia Clarkson
683,95232,10712,Viola Davis
684,95235,10712,Celia Weston
685,95286,672,Maggie Smith
686,95310,672,Miriam Margolyes
687,95622,13888,Milla Jovovich
688,96022,36669,Halle Berry
689,96030,36669,Judi Dench
690,96199,2103,Viola Davis
691,96213,9016,Emma Thompson
692,96509,2757,Meryl Streep
693,96511,2757,Tilda Swinton
694,96521,2757,Judy Greer
695,96531,2757,Catherine Keener
696,96758,40952,Lin Shaye
697,97125,13497,Zoe Saldana
698,97166,7303,Jennifer Lopez
699,97197,201,Whoopi Goldberg
700,97203,2755,Kathy Bates
701,97312,121,Cate Blanchett
702,97344,1429,Rosario Dawson
703,97368,13435,Viola Davis
704,97371,3131,Cameron Diaz
705,97399,2642,Sandra Bullock
706,97484,2149,Julianne Moore
707,97876,640,Amy Adams
708,97883,640,Jennifer Garner
709,97886,640,Elizabeth Banks
710,98000,1574,Catherine Zeta-Jones
711,98001,1574,Renée Zellweger
712,98002,1574,Queen Latifah
713,98020,590,Nicole Kidman
714,98021,590,Julianne Moore
715,98022,590,Meryl Streep
716,98035,590,Allison Janney
717,98266,4912,Drew Barrymore
718,98267,4912,Julia Roberts
719,100339,9919,Kate Hudson
720,100341,9919,Kathryn Hahn
721,100351,9919,Celia Weston
722,100409,9480,Jennifer Garner
723,100844,11615,Kate Winslet
724,100849,11615,Melissa McCarthy
725,100975,11635,Juliette Lewis
726,101192,10678,Queen Latifah
727,101350,455,Keira Knightley
728,101716,9557,Lin Shaye
729,101877,29912,Bess Flowers
730,102254,21052,Kirsten Dunst
731,102404,13370,Jane Lynch
732,102413,13370,Jennifer Coolidge
733,102663,16651,Anne Hathaway
734,102734,31633,Kim Basinger
735,102788,2832,Amanda Peet
736,102900,36658,Halle Berry
737,102901,36658,Famke Janssen
738,102983,10708,Anjelica Huston
739,102990,10708,Elle Fanning
740,103388,10720,Renée Zellweger
741,103480,310,Jennifer Aniston
742,103514,12,Allison Janney
743,103534,9654,Charlize Theron
744,103586,584,Eva Mendes
745,105117,10152,Lin Shaye
746,105308,17813,Kate Hudson
747,105322,17813,Cloris Leachman
748,105486,9471,Cameron Diaz
749,105487,9471,Drew Barrymore
750,105499,9471,Melissa McCarthy
751,105988,1927,Jennifer Connelly
752,105996,1927,Celia Weston
753,106004,10327,Reese Witherspoon
754,106007,10327,Jennifer Coolidge
755,106021,10327,Octavia Spencer
756,106036,14411,Catherine Zeta-Jones
757,106037,14411,Michelle Pfeiffer
758,106075,22,Keira Knightley
759,106079,22,Zoe Saldana
760,106524,1996,Angelina Jolie
761,106541,4464,Elizabeth Banks
762,106550,12279,Carla Gugino
763,106554,12279,Salma Hayek
764,106879,8273,Jennifer Coolidge
765,106882,8046,Jennifer Lopez
766,107004,9257,Octavia Spencer
767,108724,7270,Beth Grant
768,108733,1428,Salma Hayek
769,108735,1428,Eva Mendes
770,108752,153,Scarlett Johansson
771,108753,153,Anna Faris
772,109485,7288,Drew Barrymore
773,109495,7288,Maya Rudolph
774,109512,10159,Rosario Dawson
775,109531,10934,Diane Lane
776,109715,821,Bess Flowers
777,110035,650,Angela Bassett
778,110239,7442,Julia Roberts
779,110367,11338,Michelle Pfeiffer
780,110557,47898,Julianne Moore
781,110561,47898,Catherine Keener
782,110946,2116,Eva Mendes
783,110958,1584,Joan Cusack
784,111095,4997,Carrie Fisher
785,111114,322,Marcia Gay Harden
786,111165,11775,Catherine Zeta-Jones
787,111265,11329,Rachel Weisz
788,111333,28200,Gwyneth Paltrow
789,111346,10629,Cate Blanchett
790,111443,4256,Anna Faris
791,111446,4256,Queen Latifah
792,112035,13537,Rosario Dawson
793,112139,508,Keira Knightley
794,112141,508,Emma Thompson
795,112239,10715,Joan Cusack
796,112364,4970,Halle Berry
797,112367,4970,Penélope Cruz
798,112376,470,Naomi Watts
799,112456,10147,Octavia Spencer
800,112457,10147,Cloris Leachman
801,112574,9556,Frances McDormand
802,112967,5143,Carrie Fisher
803,113212,951,Angela Bassett
804,113300,9319,Halle Berry
805,113361,2612,Rene Russo
806,113790,14746,Diane Lane
807,115662,10028,Jessica Alba
808,115738,587,Helena Bonham Carter
809,115740,587,Marion Cotillard
810,115791,6964,Diane Keaton
811,115793,6964,Frances McDormand
812,115794,6964,Amanda Peet
813,115803,1792,Eva Mendes
814,115840,1792,Meryl Streep
815,115882,122,Cate Blanchett
816,115916,8696,Helen Mirren
817,115999,11093,Jennifer Connelly
818,116025,504,Charlize Theron
819,116026,504,Christina Ricci
820,116053,2289,Nicole Kidman
821,116054,2289,Renée Zellweger
822,116058,2289,Natalie Portman
823,116200,5966,Jennifer Aniston
824,117142,14239,Kim Basinger
825,117613,13476,Kathryn Hahn
826,117617,13476,Octavia Spencer
827,117667,21301,Queen Latifah
828,117682,20483,Kristen Stewart
829,117717,14292,Patricia Clarkson
830,118063,1824,Drew Barrymore
831,118071,1824,Maya Rudolph
832,118119,16784,Marcia Gay Harden
833,118524,13572,Ashley Judd
834,118585,9384,Juliette Lewis
835,118986,1586,Maria Bello
836,119145,38,Kate Winslet
837,119146,38,Kirsten Dunst
838,119163,11081,Angelina Jolie
839,119219,9541,Jennifer Lopez
840,119275,553,Nicole Kidman
841,119282,553,Patricia Clarkson
842,119358,13700,Judi Dench
843,119485,14442,Anne Hathaway
844,119504,2122,Amanda Peet
845,120149,237,Tilda Swinton
846,120166,10096,Jennifer Garner
847,120168,10096,Judy Greer
848,120294,11141,Julianne Moore
849,120304,10625,Amy Poehler
850,120404,652,Rose Byrne
851,121133,36670,Kim Basinger
852,125911,51515,Kathy Bates
853,127040,809,Cameron Diaz
854,127090,4599,Kate Hudson
855,127092,4599,Joan Cusack
856,127096,4599,Helen Mirren
857,127199,673,Emma Thompson
858,127200,673,Maggie Smith
859,127276,2789,Judi Dench
860,127298,9890,Nicole Kidman
861,128580,17820,Bess Flowers
862,128900,10204,Kathy Bates
863,128946,594,Catherine Zeta-Jones
864,128952,594,Zoe Saldana
865,129452,16136,Queen Latifah
866,129625,2334,Marion Cotillard
867,130072,558,Kirsten Dunst
868,130089,558,Elizabeth Banks
869,130191,9477,Keira Knightley
870,130225,8699,Kathryn Hahn
871,130257,11247,Jennifer Coolidge
872,130262,11247,Lin Shaye
873,130627,2502,Michelle Monaghan
874,130662,314,Halle Berry
875,130722,18923,Robin Wright
876,132380,14462,Meryl Streep
877,132440,6947,Sigourney Weaver
878,132443,6947,Celia Weston
879,132447,6947,Judy Greer
880,132453,401,Natalie Portman
881,132684,14846,Kathy Bates
882,132802,11130,Anne Hathaway
883,132936,23601,Naomi Watts
884,133263,11632,Reese Witherspoon
885,133293,11208,Rose Byrne
886,133555,9759,Kim Basinger
887,133573,1577,Milla Jovovich
888,133677,16232,Angela Bassett
889,133688,5137,Gwyneth Paltrow
890,133690,5137,Angelina Jolie
891,133698,11823,Kirsten Dunst
892,133734,10145,Julianne Moore
893,134304,1492,Sigourney Weaver
894,134337,10555,Renée Zellweger
895,134339,10555,Angelina Jolie
896,134395,11045,Queen Latifah
897,134466,4380,Jennifer Lopez
898,134467,4380,Susan Sarandon
899,134870,8849,Susan Sarandon
900,135241,10589,Salma Hayek
901,135275,9801,Renée Zellweger
902,135319,866,Kate Winslet
903,135415,11836,Scarlett Johansson
904,135434,1966,Angelina Jolie
905,135449,1966,Rosario Dawson
906,135518,2288,Julia Roberts
907,135520,2288,Natalie Portman
908,135590,163,Catherine Zeta-Jones
909,135591,163,Julia Roberts
910,135751,43670,Carrie Fisher
911,138100,55604,Bess Flowers
912,144200,12535,Cloris Leachman
913,145036,232,Diane Lane
914,152122,11774,Meryl Streep
915,152131,11774,Jennifer Coolidge
916,152735,9667,Keira Knightley
917,152925,2539,Cloris Leachman
918,153022,179,Nicole Kidman
919,153024,179,Catherine Keener
920,153177,10320,Naomi Watts
921,153655,3509,Winona Ryder
922,153847,70,Margo Martindale
923,154071,118,Helena Bonham Carter
924,154174,421,Anjelica Huston
925,154175,421,Cate Blanchett
926,154190,2567,Cate Blanchett
927,155239,9947,Jennifer Garner
928,155268,6439,Whoopi Goldberg
929,155292,7214,Octavia Spencer
930,155833,8978,Maria Bello
931,155898,11096,Famke Janssen
932,155928,6961,Amy Adams
933,156613,8488,Eva Mendes
934,156665,561,Rachel Weisz
935,156671,561,Tilda Swinton
936,156677,561,Michelle Monaghan
937,156693,17880,Elle Fanning
938,157376,10012,Christina Ricci
939,157379,10012,Judy Greer
940,157566,9928,Halle Berry
941,157571,9928,Jennifer Coolidge
942,158199,13374,Joan Cusack
943,158254,11638,Zoe Saldana
944,159092,17113,Catherine Keener
945,159099,187,Jessica Alba
946,159102,187,Rosario Dawson
947,159108,187,Carla Gugino
948,159151,14177,Queen Latifah
949,159163,14177,Octavia Spencer
950,159182,7364,Penélope Cruz
951,159197,11431,Drew Barrymore
952,160394,7453,Helen Mirren
953,160583,10065,Chloë Grace Moretz
954,160775,8976,Amanda Peet
955,160779,8976,Kathryn Hahn
956,160916,1640,Sandra Bullock
957,161768,1895,Natalie Portman
958,161847,4379,Jennifer Lopez
959,162182,9291,Cloris Leachman
960,162213,921,Renée Zellweger
961,162346,787,Angelina Jolie
962,162354,787,Michelle Monaghan
963,162907,9722,Nicole Kidman
964,163744,9009,Jennifer Connelly
965,163768,9738,Jessica Alba
966,164156,1635,Scarlett Johansson
967,164200,13341,Marcia Gay Harden
968,164270,11459,Cloris Leachman
969,164302,11648,Diane Lane
970,164613,308,Tilda Swinton
971,164876,9913,Kate Hudson
972,165517,6957,Catherine Keener
973,165521,6957,Jane Lynch
974,165522,6957,Leslie Mann
975,165523,6957,Elizabeth Banks
976,165973,17926,Carrie Fisher
977,166035,1985,Rachel Weisz
978,166065,9007,Reese Witherspoon
979,166107,9777,Gwyneth Paltrow
980,166705,9923,Keira Knightley
981,166732,7553,Anna Faris
982,166759,8202,Charlize Theron
983,166763,8202,Frances McDormand
984,166825,1947,Jennifer Lopez
985,166981,3933,Helena Bonham Carter
986,167019,59,Maria Bello
987,167080,398,Catherine Keener
988,167306,11968,Jessica Alba
989,167427,533,Helena Bonham Carter
990,167468,5236,Michelle Monaghan
991,167964,9910,Rene Russo
992,168032,142,Anne Hathaway
993,168037,142,Anna Faris
994,168045,9621,Kirsten Dunst
995,168046,9621,Susan Sarandon
996,168049,9621,Judy Greer
997,168057,9701,Charlize Theron
998,168060,9701,Frances McDormand
999,168070,9701,Michelle Monaghan
1000,168090,3291,Patricia Clarkson
1001,168293,8066,Naomi Watts
1002,168312,1656,Catherine Zeta-Jones
1003,168866,9982,Joan Cusack
1004,169062,10060,Viola Davis
1005,169112,231,Amanda Peet
1006,169138,231,Viola Davis
1007,169198,8999,Jennifer Aniston
1008,169230,4348,Keira Knightley
1009,169238,4348,Judi Dench
1010,169366,674,Maggie Smith
1011,169431,69,Reese Witherspoon
1012,169477,1833,Rosario Dawson
1013,169523,6795,Kristen Stewart
1014,169639,13499,Rene Russo
1015,169816,116,Scarlett Johansson
1016,169992,411,Tilda Swinton
1017,170011,254,Naomi Watts
1018,170157,19058,Naomi Watts
1019,170834,2800,Jennifer Aniston
1020,171723,17379,Queen Latifah
1021,171730,10982,Anne Hathaway
1022,172273,1969,Penélope Cruz
1023,172274,1969,Salma Hayek
1024,172448,11565,Chloë Grace Moretz
1025,172451,11283,Emma Thompson
1026,172915,9975,Drew Barrymore
1027,173079,9959,Julianne Moore
1028,173124,10073,Jennifer Coolidge
1029,173209,9920,Milla Jovovich
1030,173258,9682,Octavia Spencer
1031,173381,6877,Kathy Bates
1032,173400,950,Queen Latifah
1033,173615,752,Natalie Portman
1034,173708,9388,Maria Bello
1035,174357,219,Penélope Cruz
1036,174385,13751,Angela Bassett
1037,174790,8998,Catherine Keener
1038,174793,8998,Jennifer Aniston
1039,174794,8998,Joan Cusack
1040,174798,8998,Frances McDormand
1041,174963,4257,Anna Faris
1042,174974,4257,Molly Shannon
1043,174975,4257,Cloris Leachman
1044,174981,4257,Cloris Leachman
1045,175090,5820,Kim Basinger
1046,175195,9310,Jennifer Coolidge
1047,175197,9310,Marcia Gay Harden
1048,175200,9310,Judy Greer
1049,175350,956,Michelle Monaghan
1050,175602,7518,Allison Janney
1051,175710,36668,Halle Berry
1052,175713,36668,Famke Janssen
1053,175742,9767,Jennifer Aniston
1054,176103,2044,Sandra Bullock
1055,176136,9339,Jennifer Coolidge
1056,176202,350,Meryl Streep
1057,176203,350,Anne Hathaway
1058,176204,350,Emily Blunt
1059,176222,58,Keira Knightley
1060,176254,1819,Kate Hudson
1061,176272,2295,Rosario Dawson
1062,176373,1887,Kirsten Dunst
1063,176377,1887,Rose Byrne
1064,176379,1887,Molly Shannon
1065,177139,773,Beth Grant
1066,177298,1164,Cate Blanchett
1067,177315,1164,Elle Fanning
1068,177811,326,Lin Shaye
1069,177823,512,Scarlett Johansson
1070,177876,9718,Amy Adams
1071,177877,9718,Jane Lynch
1072,177879,9718,Molly Shannon
1073,177896,1593,Carla Gugino
1074,177916,1852,Maria Bello
1075,177928,1852,Viola Davis
1076,177940,1262,Emma Thompson
1077,177941,1262,Queen Latifah
1078,178300,9906,Julia Roberts
1079,178301,9906,Meryl Streep
1080,179395,1165,Helen Mirren
1081,179459,9988,Cloris Leachman
1082,180241,7512,Maya Rudolph
1083,180361,1381,Rachel Weisz
1084,180829,9676,Scarlett Johansson
1085,181210,1717,Kate Winslet
1086,181212,1717,Patricia Clarkson
1087,181580,7510,Gwyneth Paltrow
1088,181659,9895,Amy Poehler
1089,181689,9672,Sigourney Weaver
1090,181691,9672,Gwyneth Paltrow
1091,181692,9672,Sandra Bullock
1092,181890,1440,Kate Winslet
1093,181892,1440,Jennifer Connelly
1094,182081,9693,Julianne Moore
1095,182155,1124,Scarlett Johansson
1096,182212,3683,Beth Grant
1097,182222,14012,Maria Bello
1098,182459,11619,Kate Winslet
1099,182467,11619,Miriam Margolyes
1100,182739,9726,Marion Cotillard
1101,182855,14799,Jane Lynch
1102,182857,14799,Jennifer Coolidge
1103,182950,36557,Judi Dench
1104,183030,9836,Nicole Kidman
1105,183035,9836,Miriam Margolyes
1106,183077,7551,Elle Fanning
1107,183145,1581,Cameron Diaz
1108,183146,1581,Kate Winslet
1109,183158,1581,Kathryn Hahn
1110,183188,313,Sigourney Weaver
1111,183372,2179,Amy Poehler
1112,183375,2179,Amy Adams
1113,183592,1372,Jennifer Connelly
1114,183727,9986,Julia Roberts
1115,183733,9986,Kathy Bates
1116,183779,2486,Rachel Weisz
1117,183806,18615,Nicole Kidman
1118,184020,1247,Angelina Jolie
1119,184254,1259,Judi Dench
1120,184255,1259,Cate Blanchett
1121,184377,182,Cate Blanchett
1122,184449,5393,Sigourney Weaver
1123,184497,13967,Renée Zellweger
1124,185214,13668,Jennifer Garner
1125,185218,13668,Juliette Lewis
1126,185278,9760,Jennifer Coolidge
1127,185294,9966,Kristen Stewart
1128,185481,2266,Natalie Portman
1129,185519,2266,Margo Martindale
1130,185824,1250,Eva Mendes
1131,185870,11172,Drew Barrymore
1132,185989,7874,Christina Ricci
1133,186336,4638,Cate Blanchett
1134,186574,1738,Julianne Moore
1135,187274,2977,Anne Hathaway
1136,187278,2977,Maggie Smith
1137,187404,9963,Sandra Bullock
1138,187834,8270,Carla Gugino
1139,187954,1267,Angela Bassett
1140,188001,13249,Anjelica Huston
1141,188022,1272,Rose Byrne
1142,188069,9903,Marcia Gay Harden
1143,188172,11515,Natalie Portman
1144,188185,7183,Halle Berry
1145,188207,8271,Viola Davis
1146,188504,13067,Kristen Stewart
1147,188581,9785,Marcia Gay Harden
1148,188638,559,Kirsten Dunst
1149,188649,559,Elizabeth Banks
1150,189132,4964,Leslie Mann
1151,189142,4964,Kristen Wiig
1152,189159,4964,Jessica Alba
1153,189163,4964,Eva Mendes
1154,189168,2976,Michelle Pfeiffer
1155,189171,2976,Queen Latifah
1156,189177,2976,Allison Janney
1157,189341,1562,Rose Byrne
1158,189480,810,Cameron Diaz
1159,189489,810,Maya Rudolph
1160,189490,810,Amy Poehler
1161,189532,285,Keira Knightley
1162,189564,12526,Ashley Judd
1163,190046,1979,Jessica Alba
1164,190113,1991,Rosario Dawson
1165,190265,17320,Sigourney Weaver
1166,190267,17320,Judy Greer
1167,190881,1988,Angelina Jolie
1168,191025,2698,Molly Shannon
1169,191084,675,Maggie Smith
1170,191085,675,Helena Bonham Carter
1171,191098,675,Emma Thompson
1172,191534,2270,Michelle Pfeiffer
1173,191632,3638,Catherine Zeta-Jones
1174,191635,3638,Patricia Clarkson
1175,191644,3638,Celia Weston
1176,192025,8363,Emma Stone
1177,192371,4349,Jennifer Garner
1178,192414,4858,Nicole Kidman
1179,192421,4858,Celia Weston
1180,192460,12435,Scarlett Johansson
1181,193012,4347,Keira Knightley
1182,193173,6973,Charlize Theron
1183,193174,6973,Susan Sarandon
1184,193223,15019,Michelle Pfeiffer
1185,193302,2252,Naomi Watts
1186,193473,7737,Milla Jovovich
1187,193496,10030,Jessica Alba
1188,193521,5915,Marcia Gay Harden
1189,193525,5915,Catherine Keener
1190,193527,5915,Kristen Stewart
1191,193639,9038,Michelle Monaghan
1192,193656,7211,Emily Blunt
1193,193675,4538,Anjelica Huston
1194,193678,4538,Natalie Portman
1195,193695,2001,Eva Mendes
1196,193786,4517,Cate Blanchett
1197,193810,4566,Tilda Swinton
1198,193836,6615,Patricia Clarkson
1199,193889,5125,Reese Witherspoon
1200,193897,5125,Meryl Streep
1201,193903,3877,Halle Berry
1202,193928,4771,Michelle Monaghan
1203,194760,4982,Carla Gugino
1204,194858,5559,Renée Zellweger
1205,194864,5559,Kathy Bates
1206,194948,6977,Beth Grant
1207,195139,4515,Meryl Streep
1208,195150,5375,Rachel Weisz
1209,195151,5375,Kathy Bates
1210,195152,5375,Elizabeth Banks
1211,195164,2310,Angelina Jolie
1212,195166,2310,Robin Wright
1213,195242,4723,Beth Grant
1214,195256,4723,Amy Poehler
1215,195485,5876,Marcia Gay Harden
1216,195528,4523,Amy Adams
1217,195533,4523,Susan Sarandon
1218,195601,13483,Jessica Alba
1219,195621,2268,Nicole Kidman
1220,195630,2268,Kathy Bates
1221,195654,6479,Emma Thompson
1222,195665,6477,Jane Lynch
1223,195698,3902,Cate Blanchett
1224,195700,3902,Julianne Moore
1225,195837,7326,Jennifer Garner
1226,195839,7326,Allison Janney
1227,195886,1989,Natalie Portman
1228,195888,1989,Rachel Weisz
1229,196332,13885,Helena Bonham Carter
1230,196352,6637,Helen Mirren
1231,196449,6538,Julia Roberts
1232,196450,6538,Amy Adams
1233,196459,6538,Emily Blunt
1234,196515,6575,Kristen Wiig
1235,196518,6575,Margo Martindale
1236,196542,6575,Jane Lynch
1237,196830,6023,Kathy Bates
1238,196879,6557,Judy Greer
1239,197617,8090,Diane Lane
1240,197672,9030,Jessica Alba
1241,197680,9030,Chloë Grace Moretz
1242,198158,8676,Kate Hudson
1243,198295,8247,Diane Lane
1244,198300,8247,Kristen Stewart
1245,198438,7461,Sigourney Weaver
1246,198444,7461,Zoe Saldana
1247,198907,12222,Amy Poehler
1248,198925,8461,Naomi Watts
1249,198980,12177,Jessica Alba
1250,199164,8944,Robin Wright
1251,199167,8944,Kristen Stewart
1252,199170,8944,Catherine Keener
1253,199936,4942,Renée Zellweger
1254,200081,8988,Margo Martindale
1255,200206,7351,Tilda Swinton
1256,200321,9870,Kristen Wiig
1257,200468,7459,Christina Ricci
1258,200470,7459,Susan Sarandon
1259,200909,8780,Amy Poehler
1260,200911,8780,Sigourney Weaver
1261,201069,1726,Gwyneth Paltrow
1262,201160,10761,Michelle Monaghan
1263,201268,8681,Famke Janssen
1264,201362,13243,Jessica Alba
1265,201363,13243,Elizabeth Banks
1266,201367,13243,Kristen Wiig
1267,201403,9029,Cameron Diaz
1268,201405,9029,Queen Latifah
1269,201578,2454,Tilda Swinton
1270,201698,13191,Joan Cusack
1271,201764,217,Cate Blanchett
1272,202089,9502,Angelina Jolie
1273,203083,10681,Sigourney Weaver
1274,203108,8909,Angelina Jolie
1275,203127,8960,Charlize Theron
1276,203224,11665,Anne Hathaway
1277,203570,13990,Famke Janssen
1278,203820,11631,Meryl Streep
1279,204062,11260,Elizabeth Banks
1280,204112,13910,Catherine Zeta-Jones
1281,204367,11802,Jane Lynch
1282,204413,13183,Carla Gugino
1283,204635,12133,Kathryn Hahn
1284,204649,12568,Emma Thompson
1285,204660,8836,Amanda Peet
1286,204894,1735,Maria Bello
1287,204985,5038,Scarlett Johansson
1288,204988,5038,Penélope Cruz
1289,204991,5038,Patricia Clarkson
1290,205295,11671,Penélope Cruz
1291,205297,11671,Patricia Clarkson
1292,205623,12620,Anna Faris
1293,205624,12620,Emma Stone
1294,205667,10186,Emma Stone
1295,205670,10186,Jane Lynch
1296,205835,4944,Frances McDormand
1297,205838,4944,Tilda Swinton
1298,205969,13972,Cloris Leachman
1299,205972,13972,Eva Mendes
1300,205977,13972,Carrie Fisher
1301,206046,8285,Scarlett Johansson
1302,206048,8285,Eva Mendes
1303,206394,13389,Carla Gugino
1304,206639,12690,Renée Zellweger
1305,206748,13027,Michelle Monaghan
1306,206749,13027,Rosario Dawson
1307,206760,13027,Julianne Moore
1308,206777,13092,Kirsten Dunst
1309,206783,13092,Miriam Margolyes
1310,206787,13092,Kate Winslet
1311,207285,10358,Elizabeth Banks
1312,207299,10523,Elizabeth Banks
1313,207317,13596,Kate Hudson
1314,207421,12837,Queen Latifah
1315,207972,8338,Julianne Moore
1316,207989,3580,Angelina Jolie
1317,208067,20766,Charlize Theron
1318,208098,10764,Judi Dench
1319,208161,15373,Elizabeth Banks
1320,208164,15373,Jane Lynch
1321,208649,15749,Kim Basinger
1322,208663,14405,Drew Barrymore
1323,208965,6972,Nicole Kidman
1324,209022,13053,Chloë Grace Moretz
1325,209064,8966,Kristen Stewart
1326,209074,8966,Anna Kendrick
1327,209111,12193,Reese Witherspoon
1328,209205,14248,Jennifer Coolidge
1329,209206,14248,Molly Shannon
1330,209548,10200,Jennifer Connelly
1331,209549,10200,Kathy Bates
1332,209708,14359,Meryl Streep
1333,209710,14359,Amy Adams
1334,209711,14359,Viola Davis
1335,209848,8055,Kate Winslet
1336,209971,11321,Rosario Dawson
1337,209986,11321,Octavia Spencer
1338,210238,4922,Cate Blanchett
1339,210240,4922,Tilda Swinton
1340,210242,4922,Elle Fanning
1341,210595,13973,Anjelica Huston
1342,210617,4148,Kate Winslet
1343,210619,4148,Kathryn Hahn
1344,210621,4148,Kathy Bates
1345,210811,14306,Jennifer Aniston
1346,210925,12429,Cate Blanchett
1347,210930,12429,Cloris Leachman
1348,211290,13944,Anne Hathaway
1349,211311,10199,Sigourney Weaver
1350,211324,10521,Anne Hathaway
1351,211325,10521,Kate Hudson
1352,211449,13177,Charlize Theron
1353,211565,2309,Helen Mirren
1354,211578,2309,Jennifer Connelly
1355,211889,13788,Carla Gugino
1356,212369,4959,Naomi Watts
1357,212405,10362,Gwyneth Paltrow
1358,212452,10184,Jennifer Aniston
1359,212453,10184,Drew Barrymore
1360,212454,10184,Jennifer Connelly
1361,212458,10184,Scarlett Johansson
1362,212871,20829,Leslie Mann
1363,213282,19255,Maya Rudolph
1364,213286,19255,Allison Janney
1365,214016,16558,Julia Roberts
1366,214050,13811,Rose Byrne
1367,214132,13090,Amy Adams
1368,214133,13090,Emily Blunt
1369,214312,15512,Reese Witherspoon
1370,214322,15512,Amy Poehler
1371,214324,15512,Renée Zellweger
1372,214544,14637,Angela Bassett
1373,214700,16614,Kristen Stewart
1374,214702,16614,Kristen Wiig
1375,214804,20048,Joan Cusack
1376,215301,18947,Emma Thompson
1377,215348,16996,Leslie Mann
1378,215487,16995,Robin Wright
1379,215490,16995,Helen Mirren
1380,215499,16995,Viola Davis
1381,215842,18320,Emily Blunt
1382,215874,17436,Kim Basinger
1383,215876,17436,Winona Ryder
1384,216015,13475,Zoe Saldana
1385,216020,13475,Winona Ryder
1386,216558,15577,Ashley Judd
1387,216883,534,Helena Bonham Carter
1388,216894,18360,Amy Adams
1389,216959,21755,Rachel Weisz
1390,217182,17332,Catherine Keener
1391,217191,17332,Octavia Spencer
1392,217255,16871,Octavia Spencer
1393,217983,14536,Renée Zellweger
1394,218429,18240,Sandra Bullock
1395,218513,28110,Cloris Leachman
1396,218993,19265,Patricia Clarkson
1397,219059,11322,Marion Cotillard
1398,219107,8355,Queen Latifah
1399,219113,8355,Kristen Wiig
1400,219122,8355,Jane Lynch
1401,219248,10024,Cameron Diaz
1402,219251,10024,Joan Cusack
1403,219358,19913,Chloë Grace Moretz
1404,219592,767,Helena Bonham Carter
1405,219594,767,Maggie Smith
1406,220120,22215,Michelle Pfeiffer
1407,220121,22215,Kathy Bates
1408,220267,21208,Margo Martindale
1409,220490,12403,Milla Jovovich
1410,220608,24803,Meryl Streep
1411,220609,24803,Amy Adams
1412,220615,24803,Jane Lynch
1413,220639,13836,Carla Gugino
1414,220721,18126,Margo Martindale
1415,221637,19585,Penélope Cruz
1416,221661,41682,Catherine Zeta-Jones
1417,222134,25704,Jane Lynch
1418,222415,24150,Octavia Spencer
1419,222569,12244,Jennifer Connelly
1420,223397,12569,Kristen Wiig
1421,223403,12569,Beth Grant
1422,223472,22794,Anna Faris
1423,223585,16873,Amanda Peet
1424,223620,25643,Jennifer Aniston
1425,223621,25643,Judy Greer
1426,224218,22798,Kristen Wiig
1427,224219,22798,Drew Barrymore
1428,224223,22798,Juliette Lewis
1429,224226,22798,Marcia Gay Harden
1430,224237,23082,Jennifer Garner
1431,224330,19908,Emma Stone
1432,224441,26688,Carrie Fisher
1433,224506,24684,Emma Thompson
1434,224635,23706,Sandra Bullock
1435,224642,23706,Beth Grant
1436,224868,16523,Catherine Keener
1437,225105,25132,Leslie Mann
1438,225109,12572,Natalie Portman
1439,225112,12572,Christina Ricci
1440,225116,12572,Robin Wright
1441,225133,12572,Cloris Leachman
1442,225156,22803,Viola Davis
1443,225555,22947,Anna Kendrick
1444,225880,24418,Salma Hayek
1445,226060,16577,Charlize Theron
1446,226064,16577,Elle Fanning
1447,226099,10315,Meryl Streep
1448,226297,17979,Robin Wright
1449,226562,14161,Amanda Peet
1450,226614,22825,Cameron Diaz
1451,226621,22825,Celia Weston
1452,226665,22824,Milla Jovovich
1453,226726,11699,Eva Mendes
1454,226730,11699,Jennifer Coolidge
1455,226783,18239,Kristen Stewart
1456,226795,18239,Anna Kendrick
1457,227142,7445,Natalie Portman
1458,227230,22881,Sandra Bullock
1459,227232,22881,Kathy Bates
1460,227548,7980,Rachel Weisz
1461,227550,7980,Susan Sarandon
1462,228264,19995,Zoe Saldana
1463,228265,19995,Sigourney Weaver
1464,228346,10197,Judi Dench
1465,228348,10197,Marion Cotillard
1466,228349,10197,Penélope Cruz
1467,228351,10197,Nicole Kidman
1468,228352,10197,Kate Hudson
1469,228408,22897,Meryl Streep
1470,228496,25196,Beth Grant
1471,228521,23398,Amy Poehler
1472,228522,23398,Anna Faris
1473,229354,25195,Amy Adams
1474,231426,8952,Leslie Mann
1475,231865,32856,Jessica Alba
1476,231872,32856,Jennifer Garner
1477,231874,32856,Anne Hathaway
1478,231877,32856,Queen Latifah
1479,231881,32856,Julia Roberts
1480,231883,32856,Kathy Bates
1481,231924,11324,Patricia Clarkson
1482,232119,32657,Rosario Dawson
1483,232121,32657,Catherine Keener
1484,232434,26428,Rachel Weisz
1485,232718,23023,Ashley Judd
1486,232893,12155,Anne Hathaway
1487,232894,12155,Helena Bonham Carter
1488,233728,27573,Jennifer Aniston
1489,233754,12834,Susan Sarandon
1490,234101,28355,Renée Zellweger
1491,234227,28211,Julianne Moore
1492,234291,10191,Kristen Wiig
1493,234665,23483,Chloë Grace Moretz
1494,234790,35056,Kristen Wiig
1495,234865,36419,Christina Ricci
1496,234868,36419,Celia Weston
1497,235130,27586,Kristen Stewart
1498,235454,34803,Zoe Saldana
1499,235508,33217,Chloë Grace Moretz
1500,235997,34813,Zoe Saldana
1501,236382,10138,Gwyneth Paltrow
1502,236384,10138,Scarlett Johansson
1503,236518,38579,Emma Stone
1504,236528,38579,Judy Greer
1505,236536,37931,Kristen Wiig
1506,236539,37931,Maya Rudolph
1507,237198,20662,Cate Blanchett
1508,238094,37786,Penélope Cruz
1509,238186,32823,Rose Byrne
1510,238315,34806,Jennifer Lopez
1511,238321,34806,Melissa McCarthy
1512,238977,10193,Joan Cusack
1513,238979,10193,Whoopi Goldberg
1514,239256,10192,Cameron Diaz
1515,239263,10192,Jane Lynch
1516,239627,24021,Kristen Stewart
1517,239638,24021,Anna Kendrick
1518,239672,36691,Susan Sarandon
1519,240373,20352,Kristen Wiig
1520,240539,27205,Marion Cotillard
1521,240563,38365,Salma Hayek
1522,240564,38365,Maria Bello
1523,240566,38365,Maya Rudolph
1524,240625,37834,Cameron Diaz
1525,240627,37834,Viola Davis
1526,240632,37834,Celia Weston
1527,240809,22556,Maria Bello
1528,240810,22556,Kristen Stewart
1529,240856,39781,Julianne Moore
1530,240976,27576,Angelina Jolie
1531,241305,38778,Octavia Spencer
1532,241337,35019,Emma Thompson
1533,241341,35019,Maggie Smith
1534,241682,37950,Kim Basinger
1535,241719,27581,Eva Mendes
1536,242236,22538,Anna Kendrick
1537,242524,39800,Allison Janney
1538,243680,41210,Jennifer Aniston
1539,243682,41210,Juliette Lewis
1540,243760,23631,Jessica Alba
1541,243934,38073,Drew Barrymore
1542,244386,35791,Milla Jovovich
1543,244950,37735,Emma Stone
1544,244957,37735,Patricia Clarkson
1545,245005,38167,Julia Roberts
1546,245010,38167,Viola Davis
1547,245155,33909,Susan Sarandon
1548,245230,41216,Helen Mirren
1549,245236,41216,Miriam Margolyes
1550,245464,43923,Viola Davis
1551,245877,41402,Chloë Grace Moretz
1552,245903,39486,Diane Lane
1553,245908,39486,Margo Martindale
1554,245959,38303,Sigourney Weaver
1555,245965,38303,Cloris Leachman
1556,245987,38408,Melissa McCarthy
1557,246051,44113,Milla Jovovich
1558,246253,45094,Juliette Lewis
1559,246259,70695,Milla Jovovich
1560,246335,42188,Keira Knightley
1561,246907,41505,Julianne Moore
1562,247206,39514,Helen Mirren
1563,248086,41733,Michelle Monaghan
1564,248088,41733,Juliette Lewis
1565,248164,38055,Amy Poehler
1566,248274,44214,Natalie Portman
1567,248278,44214,Winona Ryder
1568,248407,38363,Naomi Watts
1569,248837,44048,Rosario Dawson
1570,248859,38357,Diane Keaton
1571,248882,43539,Elizabeth Banks
1572,248958,44147,Emily Blunt
1573,249080,12444,Helena Bonham Carter
1574,249162,45269,Helena Bonham Carter
1575,249317,45317,Amy Adams
1576,249524,47088,Celia Weston
1577,249783,48838,Keira Knightley
1578,250072,43347,Anne Hathaway
1579,250076,43347,Judy Greer
1580,250097,10140,Tilda Swinton
1581,250221,37710,Angelina Jolie
1582,250981,42888,Reese Witherspoon
1583,250985,42888,Kathryn Hahn
1584,251025,44129,Maria Bello
1585,251521,41283,Carla Gugino
1586,251608,27585,Nicole Kidman
1587,251699,39451,Jessica Alba
1588,251711,38745,Amanda Peet
1589,251712,38745,Emily Blunt
1590,252172,51739,Amy Poehler
1591,252243,41515,Anna Faris
1592,252599,23830,Keira Knightley
1593,252601,23830,Eva Mendes
1594,252748,40805,Cameron Diaz
1595,253693,44564,Winona Ryder
1596,253694,44564,Jennifer Connelly
1597,253695,44564,Queen Latifah
1598,254906,41630,Natalie Portman
1599,255467,45272,Gwyneth Paltrow
1600,255540,45772,Maggie Smith
1601,255551,45772,Emily Blunt
1602,256001,39513,Kristen Wiig
1603,256006,39513,Jane Lynch
1604,256009,39513,Sigourney Weaver
1605,256445,44896,Beth Grant
1606,256458,50725,Anna Faris
1607,256505,38050,Emily Blunt
1608,257034,50321,Joan Cusack
1609,257403,50546,Jennifer Aniston
1610,257404,50546,Nicole Kidman
1611,257680,45612,Michelle Monaghan
1612,257802,23629,Carla Gugino
1613,258261,49018,Rose Byrne
1614,258264,49018,Lin Shaye
1615,258429,55725,Margo Martindale
1616,258654,53172,Judy Greer
1617,258958,50456,Cate Blanchett
1618,259127,49012,Helen Mirren
1619,259129,49012,Jennifer Garner
1620,259198,46195,Anne Hathaway
1621,259199,46195,Leslie Mann
1622,259200,46195,Jane Lynch
1623,259306,62215,Kirsten Dunst
1624,259337,10195,Natalie Portman
1625,259349,10195,Rene Russo
1626,260005,55787,Reese Witherspoon
1627,260236,51497,Eva Mendes
1628,260779,49022,Kate Hudson
1629,260868,55721,Kristen Wiig
1630,260869,55721,Rose Byrne
1631,260870,55721,Maya Rudolph
1632,260873,55721,Melissa McCarthy
1633,260978,46849,Jane Lynch
1634,261164,1865,Penélope Cruz
1635,261177,1865,Judi Dench
1636,261218,59436,Kathy Bates
1637,261220,59436,Marion Cotillard
1638,261804,44945,Catherine Keener
1639,261807,44945,Viola Davis
1640,262172,49444,Angelina Jolie
1641,262235,49538,Rose Byrne
1642,262382,52505,Natalie Portman
1643,262531,37686,Elle Fanning
1644,262801,44912,Angela Bassett
1645,262956,58224,Carla Gugino
1646,262972,52449,Cameron Diaz
1647,262986,52449,Molly Shannon
1648,263006,52449,Molly Shannon
1649,263196,38356,Frances McDormand
1650,263234,59861,Julia Roberts
1651,263256,38319,Natalie Portman
1652,263830,22907,Zoe Saldana
1653,264001,38317,Rosario Dawson
1654,264015,38317,Maya Rudolph
1655,264022,51540,Jennifer Aniston
1656,264825,12445,Maggie Smith
1657,264826,12445,Helena Bonham Carter
1658,264827,12445,Emma Thompson
1659,264849,12445,Miriam Margolyes
1660,265125,50646,Julianne Moore
1661,265127,50646,Emma Stone
1662,265232,51828,Anne Hathaway
1663,265234,51828,Patricia Clarkson
1664,265756,50544,Patricia Clarkson
1665,265765,50544,Emma Stone
1666,265910,12819,Christina Ricci
1667,266532,59968,Elizabeth Banks
1668,266536,59968,Kathryn Hahn
1669,266904,49520,Leslie Mann
1670,266939,50014,Emma Stone
1671,266940,50014,Viola Davis
1672,266941,50014,Octavia Spencer
1673,266945,50014,Allison Janney
1674,267060,67675,Gwyneth Paltrow
1675,267063,67675,Jane Lynch
1676,267260,60309,Robin Wright
1677,267433,56288,Jessica Alba
1678,267609,44835,Natalie Portman
1679,267660,48289,Helen Mirren
1680,267669,62835,Zoe Saldana
1681,268689,39538,Gwyneth Paltrow
1682,268690,39538,Kate Winslet
1683,268692,39538,Marion Cotillard
1684,268817,60308,Robin Wright
1685,269534,24428,Scarlett Johansson
1686,269541,24428,Gwyneth Paltrow
1687,269709,48231,Keira Knightley
1688,270091,40807,Anna Kendrick
1689,270093,40807,Anjelica Huston
1690,270241,74643,Beth Grant
1691,271858,71859,Tilda Swinton
1692,271918,52451,Milla Jovovich
1693,272090,72113,Kate Winslet
1694,272349,59965,Maria Bello
1695,272351,59965,Sigourney Weaver
1696,272427,53487,Frances McDormand
1697,272566,63492,Anna Faris
1698,272603,69668,Naomi Watts
1699,272604,69668,Rachel Weisz
1700,272754,45610,Michelle Monaghan
1701,273138,88794,Naomi Watts
1702,273139,88794,Judi Dench
1703,273414,44826,Chloë Grace Moretz
1704,273457,70578,Nicole Kidman
1705,274046,65057,Judy Greer
1706,274068,64328,Amy Adams
1707,274070,64328,Emily Blunt
1708,274111,64328,Whoopi Goldberg
1709,274125,50619,Kristen Stewart
1710,274134,50619,Anna Kendrick
1711,274262,75900,Judi Dench
1712,274893,64685,Sandra Bullock
1713,274896,64685,Viola Davis
1714,275004,75622,Robin Wright
1715,275018,75622,Sigourney Weaver
1716,275282,62046,Ashley Judd
1717,275293,62046,Octavia Spencer
1718,275384,70160,Elizabeth Banks
1719,275509,49026,Anne Hathaway
1720,275511,49026,Marion Cotillard
1721,275683,49040,Rachel Weisz
1722,276032,57157,Charlize Theron
1723,276073,62838,Carla Gugino
1724,276078,62838,Halle Berry
1725,276084,62838,Michelle Pfeiffer
1726,276117,56292,Michelle Monaghan
1727,276123,74465,Scarlett Johansson
1728,276128,74465,Elle Fanning
1729,276153,65754,Robin Wright
1730,276260,55301,Amy Poehler
1731,276261,55301,Anna Faris
1732,276922,62837,Ashley Judd
1733,276950,71688,Meryl Streep
1734,277256,49527,Elizabeth Banks
1735,278331,78698,Drew Barrymore
1736,280336,73937,Anjelica Huston
1737,280428,59962,Reese Witherspoon
1738,280432,59962,Angela Bassett
1739,280986,82532,Susan Sarandon
1740,280987,82532,Judy Greer
1741,281418,81025,Emily Blunt
1742,281657,71552,Jennifer Coolidge
1743,281735,22970,Sigourney Weaver
1744,282046,76489,Jane Lynch
1745,282141,62764,Julia Roberts
1746,282315,74534,Maggie Smith
1747,282317,74534,Judi Dench
1748,282686,72207,Emily Blunt
1749,283067,57119,Angela Bassett
1750,283121,62213,Michelle Pfeiffer
1751,283122,62213,Helena Bonham Carter
1752,283127,62213,Chloë Grace Moretz
1753,283474,76493,Anna Faris
1754,283481,76493,Kathryn Hahn
1755,283617,41154,Emma Thompson
1756,283631,58595,Kristen Stewart
1757,283632,58595,Charlize Theron
1758,283824,72197,Salma Hayek
1759,283890,70981,Charlize Theron
1760,284090,50647,Jennifer Aniston
1761,284096,50647,Kathryn Hahn
1762,284156,83666,Frances McDormand
1763,284158,83666,Tilda Swinton
1764,284450,72358,Allison Janney
1765,284531,80321,Frances McDormand
1766,284724,62177,Emma Thompson
1767,284799,86467,Christina Ricci
1768,284813,76494,Cameron Diaz
1769,284814,76494,Jennifer Lopez
1770,284815,76494,Elizabeth Banks
1771,284816,76494,Anna Kendrick
1772,284845,81836,Penélope Cruz
1773,285149,80585,Catherine Zeta-Jones
1774,285366,88005,Keira Knightley
1775,285647,83770,Kristen Stewart
1776,285648,83770,Amy Adams
1777,285650,83770,Kirsten Dunst
1778,285710,1930,Emma Stone
1779,285878,57800,Jennifer Lopez
1780,285879,57800,Queen Latifah
1781,285949,98548,Elizabeth Banks
1782,285951,98548,Michelle Pfeiffer
1783,286029,82525,Salma Hayek
1784,287270,37724,Judi Dench
1785,287394,82696,Meryl Streep
1786,287700,77174,Anna Kendrick
1787,287702,77174,Leslie Mann
1788,288267,48034,Marion Cotillard
1789,288428,84174,Kirsten Dunst
1790,288444,83686,Zoe Saldana
1791,288515,114150,Anna Kendrick
1792,288525,114150,Elizabeth Banks
1793,288642,77948,Sigourney Weaver
1794,288743,59967,Emily Blunt
1795,288794,87428,Susan Sarandon
1796,288930,84329,Susan Sarandon
1797,288997,71679,Milla Jovovich
1798,289169,68722,Amy Adams
1799,289254,60599,Susan Sarandon
1800,289456,77016,Anna Kendrick
1801,289548,84892,Joan Cusack
1802,289681,75638,Sigourney Weaver
1803,289708,82675,Famke Janssen
1804,289739,82390,Nicole Kidman
1805,290336,97365,Marion Cotillard
1806,290682,62214,Winona Ryder
1807,290890,76492,Molly Shannon
1808,291456,57089,Joan Cusack
1809,291460,57089,Amy Poehler
1810,292025,83542,Halle Berry
1811,292035,83542,Susan Sarandon
1812,292649,82690,Jane Lynch
1813,292724,47878,Angelina Jolie
1814,293894,50620,Kristen Stewart
1815,295934,49051,Cate Blanchett
1816,296028,84305,Catherine Zeta-Jones
1817,296458,139567,Rosario Dawson
1818,296768,82687,Miriam Margolyes
1819,296947,89492,Leslie Mann
1820,296952,89492,Melissa McCarthy
1821,297054,80278,Naomi Watts
1822,297083,82695,Anne Hathaway
1823,297086,82695,Helena Bonham Carter
1824,297437,121826,Maggie Smith
1825,298655,133694,Frances McDormand
1826,299126,82682,Emma Stone
1827,299270,68812,Winona Ryder
1828,299914,98357,Catherine Zeta-Jones
1829,300344,87818,Anna Faris
1830,300345,87818,Emma Stone
1831,300346,87818,Halle Berry
1832,300347,87818,Kate Winslet
1833,300353,87818,Elizabeth Banks
1834,300354,87818,Naomi Watts
1835,300410,87818,Chloë Grace Moretz
1836,300530,119283,Jennifer Lopez
1837,300672,60304,Famke Janssen
1838,301002,87499,Patricia Clarkson
1839,301174,58244,Kirsten Dunst
1840,301554,109421,Catherine Zeta-Jones
1841,301618,109431,Melissa McCarthy
1842,301620,109431,Amanda Peet
1843,301948,109491,Viola Davis
1844,301951,109491,Emma Thompson
1845,301953,109491,Margo Martindale
1846,302349,68179,Jessica Alba
1847,302357,68179,Jane Lynch
1848,302506,134411,Susan Sarandon
1849,302950,86825,Nicole Kidman
1850,303031,68728,Rachel Weisz
1851,303267,49519,Emma Stone
1852,303269,49519,Catherine Keener
1853,303270,49519,Cloris Leachman
1854,303819,144789,Penélope Cruz
1855,304046,158011,Halle Berry
1856,304059,117263,Angela Bassett
1857,304071,117263,Ashley Judd
1858,304481,97367,Eva Mendes
1859,304484,97367,Rose Byrne
1860,305104,68727,Rosario Dawson
1861,305391,59963,Halle Berry
1862,305870,4258,Molly Shannon
1863,306285,68721,Gwyneth Paltrow
1864,306637,103731,Reese Witherspoon
1865,307282,54138,Zoe Saldana
1866,307430,116741,Rose Byrne
1867,308016,109439,Melissa McCarthy
1868,309097,147773,Allison Janney
1869,309098,147773,Maya Rudolph
1870,309099,147773,Amanda Peet
1871,309246,49521,Amy Adams
1872,309249,49521,Diane Lane
1873,309260,49521,Carla Gugino
1874,309358,87567,Diane Keaton
1875,309362,87567,Susan Sarandon
1876,309608,96936,Leslie Mann
1877,309628,96936,Kirsten Dunst
1878,309640,62211,Helen Mirren
1879,310122,127373,Julianne Moore
1880,310343,93456,Kristen Wiig
1881,310517,136795,Sandra Bullock
1882,310518,136795,Melissa McCarthy
1883,310561,57201,Helena Bonham Carter
1884,312020,77950,Maya Rudolph
1885,312055,76170,Famke Janssen
1886,312652,160588,Cate Blanchett
1887,313064,76285,Octavia Spencer
1888,313071,77931,Christina Ricci
1889,313364,138832,Jennifer Aniston
1890,313370,138832,Kathryn Hahn
1891,313407,109418,Salma Hayek
1892,313408,109418,Maya Rudolph
1893,313409,109418,Maria Bello
1894,313543,59859,Chloë Grace Moretz
1895,313752,149870,Emily Blunt
1896,314007,157360,Cameron Diaz
1897,314817,111190,Naomi Watts
1898,314818,111190,Robin Wright
1899,315553,49047,Sandra Bullock
1900,315682,146233,Maria Bello
1901,315684,146233,Viola Davis
1902,315714,164457,Zoe Saldana
1903,315784,156711,Jennifer Coolidge
1904,315921,112205,Michelle Pfeiffer
1905,317625,209262,Marcia Gay Harden
1906,317812,109451,Anna Faris
1907,317936,109424,Catherine Keener
1908,318144,106747,Jessica Alba
1909,318481,133805,Chloë Grace Moretz
1910,318482,133805,Julianne Moore
1911,318483,133805,Judy Greer
1912,318595,109091,Cameron Diaz
1913,318598,109091,Penélope Cruz
1914,319502,80274,Viola Davis
1915,319633,208134,Catherine Keener
1916,319665,76338,Natalie Portman
1917,319674,76338,Rene Russo
1918,319749,152532,Jennifer Garner
1919,320238,175574,Amy Poehler
1920,320787,205220,Judi Dench
1921,321032,101299,Elizabeth Banks
1922,321102,57158,Cate Blanchett
1923,322055,204082,Winona Ryder
1924,322141,152737,Meryl Streep
1925,322142,152737,Julia Roberts
1926,322145,152737,Margo Martindale
1927,322149,152737,Juliette Lewis
1928,322451,168672,Amy Adams
1929,322481,116745,Kristen Wiig
1930,322485,116745,Kathryn Hahn
1931,322494,152601,Scarlett Johansson
1932,322496,152601,Amy Adams
1933,322505,152601,Kristen Wiig
1934,323137,140823,Emma Thompson
1935,323354,49852,Elle Fanning
1936,323733,109443,Kristen Wiig
1937,323737,109443,Kirsten Dunst
1938,323740,109443,Marion Cotillard
1939,323745,109443,Amy Poehler
1940,323935,110415,Tilda Swinton
1941,323937,110415,Octavia Spencer
1942,324922,64807,Kim Basinger
1943,325694,127560,Nicole Kidman
1944,325753,118289,Naomi Watts
1945,326387,137094,Keira Knightley
1946,326417,157350,Kate Winslet
1947,326424,157350,Ashley Judd
1948,327097,217993,Michelle Monaghan
1949,327722,157099,Michelle Monaghan
1950,327880,130150,Kate Winslet
1951,328061,157841,Helena Bonham Carter
1952,328352,152760,Cate Blanchett
1953,328385,137106,Elizabeth Banks
1954,329194,157834,Tilda Swinton
1955,329243,137321,Jennifer Connelly
1956,329788,120467,Tilda Swinton
1957,330252,157336,Anne Hathaway
1958,330436,225574,Julianne Moore
1959,331473,82703,Allison Janney
1960,331482,82703,Leslie Mann
1961,331521,97370,Scarlett Johansson
1962,331789,209403,Kathryn Hahn
1963,331792,209403,Allison Janney
1964,331795,209403,Beth Grant
1965,332429,100402,Scarlett Johansson
1966,332613,86834,Jennifer Connelly
1967,333168,145220,Salma Hayek
1968,333186,145220,Chloë Grace Moretz
1969,333313,190955,Marion Cotillard
1970,333315,190955,Zoe Saldana
1971,333694,200505,Jennifer Garner
1972,333965,102382,Emma Stone
1973,334444,172385,Anne Hathaway
1974,334445,172385,Leslie Mann
1975,334687,193610,Cameron Diaz
1976,334688,193610,Leslie Mann
1977,335462,195589,Rose Byrne
1978,335682,152599,Marion Cotillard
1979,336027,240832,Scarlett Johansson
1980,336090,127585,Halle Berry
1981,336106,127585,Famke Janssen
1982,336214,187596,Elizabeth Banks
1983,336382,212778,Scarlett Johansson
1984,336843,232672,Drew Barrymore
1985,336875,198277,Keira Knightley
1986,336878,198277,Catherine Keener
1987,337057,102651,Angelina Jolie
1988,337058,102651,Elle Fanning
1989,337500,137113,Emily Blunt
1990,338202,175541,Angela Bassett
1991,338640,187017,Anna Faris
1992,338644,187017,Queen Latifah
1993,338671,156022,Chloë Grace Moretz
1994,338718,82702,Kristen Wiig
1995,338720,82702,Cate Blanchett
1996,338754,194662,Emma Stone
1997,338756,194662,Naomi Watts
1998,340110,226486,Melissa McCarthy
1999,340111,226486,Susan Sarandon
2000,340112,226486,Kathy Bates
2001,340113,226486,Allison Janney
2002,340586,119450,Judy Greer
2003,341035,253235,Diane Keaton
2004,341207,225886,Cameron Diaz
2005,341464,118340,Zoe Saldana
2006,341591,242095,Lin Shaye
2007,341834,157849,Robin Wright
2008,341928,231576,Kate Hudson
2009,342698,244566,Molly Shannon
2010,342702,244566,Anna Kendrick
2011,342890,229297,Emma Stone
2012,342892,229297,Marcia Gay Harden
2013,343066,228194,Helen Mirren
2014,343391,98566,Whoopi Goldberg
2015,343502,227156,Meryl Streep
2016,344145,189,Jessica Alba
2017,344148,189,Rosario Dawson
2018,344246,249164,Chloë Grace Moretz
2019,344547,221902,Marion Cotillard
2020,344750,209189,Jennifer Aniston
2021,345313,204922,Nicole Kidman
2022,345534,192145,Maria Bello
2023,345535,192145,Kim Basinger
2024,345901,198663,Patricia Clarkson
2025,345943,244506,Kristen Stewart
2026,346207,282296,Maggie Smith
2027,346639,264656,Meryl Streep
2028,347062,170687,Elle Fanning
2029,347085,149871,Chloë Grace Moretz
2030,347247,239678,Rose Byrne
2031,347249,239678,Kathryn Hahn
2032,348681,239571,Michelle Monaghan
2033,349023,239563,Melissa McCarthy
2034,349024,239563,Naomi Watts
2035,349513,218778,Jennifer Garner
2036,349517,218778,Jennifer Coolidge
2037,349858,242512,Lin Shaye
2038,349967,242582,Rene Russo
2039,350062,177572,Maya Rudolph
2040,350189,228326,Zoe Saldana
2041,354749,205596,Keira Knightley
2042,354820,171274,Reese Witherspoon
2043,354823,171274,Maya Rudolph
2044,355095,131631,Julianne Moore
2045,355098,131631,Elizabeth Banks
2046,355401,147441,Sigourney Weaver
2047,356728,227735,Ashley Judd
2048,358073,135397,Judy Greer
2049,358339,227159,Jennifer Aniston
2050,359330,253331,Octavia Spencer
2051,359437,284293,Julianne Moore
2052,359439,284293,Kristen Stewart
2053,359477,116149,Nicole Kidman
2054,359586,294254,Patricia Clarkson
2055,360307,246860,Kristen Stewart
2056,360308,246860,Chloë Grace Moretz
2057,361289,122917,Cate Blanchett
2058,362274,228970,Reese Witherspoon
2059,362565,87093,Amy Adams
2060,362623,224141,Meryl Streep
2061,362624,224141,Emily Blunt
2062,362626,224141,Anna Kendrick
2063,363105,228967,Emma Stone
2064,364128,68737,Julianne Moore
2065,365133,196867,Rose Byrne
2066,365134,196867,Cameron Diaz
2067,365153,196867,Patricia Clarkson
2068,365290,116977,Cloris Leachman
2069,365981,198184,Sigourney Weaver
2070,366213,232175,Rosario Dawson
2071,366508,260346,Famke Janssen
2072,366564,201088,Viola Davis
2073,374903,76341,Charlize Theron
2074,374964,280092,Lin Shaye
2075,374995,140607,Carrie Fisher
2076,375144,99861,Scarlett Johansson
2077,375247,166426,Keira Knightley
2078,375335,102899,Judy Greer
2079,375496,283995,Zoe Saldana
2080,375560,271110,Scarlett Johansson
2081,375663,284052,Tilda Swinton
2082,375730,246655,Rose Byrne
2083,379219,284276,Jennifer Aniston
2084,379220,284276,Anna Kendrick
2085,384828,28284,Bess Flowers
2086,386272,210860,Gwyneth Paltrow
2087,386291,216015,Marcia Gay Harden
2088,387656,272693,Allison Janney
2089,389257,232572,Emma Thompson
2090,389496,251321,Jennifer Connelly
2091,389581,250124,Kristen Wiig
2092,392874,252838,Cloris Leachman
2093,393251,241251,Jennifer Lopez
2094,395660,234212,Maria Bello
2095,395867,268238,Judi Dench
2096,395869,268238,Maggie Smith
2097,397874,150689,Cate Blanchett
2098,397876,150689,Helena Bonham Carter
2099,399158,252512,Naomi Watts
2100,399303,262500,Kate Winslet
2101,399306,262500,Naomi Watts
2102,399311,262500,Octavia Spencer
2103,399318,262500,Ashley Judd
2104,399548,228161,Jennifer Lopez
2105,399718,245703,Kirsten Dunst
2106,403477,244539,Zoe Saldana
2107,404042,304357,Helen Mirren
2108,404542,36696,Chloë Grace Moretz
2109,404924,158852,Kathryn Hahn
2110,404930,158852,Judy Greer
2111,406785,256924,Jennifer Garner
2112,407953,254128,Carla Gugino
2113,409688,275601,Meryl Streep
2114,410276,254470,Anna Kendrick
2115,410298,254470,Elizabeth Banks
2116,411040,258480,Cate Blanchett
2117,411551,254320,Rachel Weisz
2118,411697,268920,Reese Witherspoon
2119,413136,286217,Kristen Wiig
2120,413445,310593,Rachel Weisz
2121,414032,238713,Melissa McCarthy
2122,414034,238713,Rose Byrne
2123,414038,238713,Allison Janney
2124,414191,271718,Tilda Swinton
2125,414770,222936,Emma Stone
2126,416066,188222,Jessica Alba
2127,416090,188222,Judy Greer
2128,416380,286521,Diane Keaton
2129,416411,150540,Amy Poehler
2130,416418,150540,Diane Lane
2131,417231,131634,Elizabeth Banks
2132,417232,131634,Julianne Moore
2133,417313,257344,Michelle Monaghan
2134,417390,262504,Naomi Watts
2135,417393,262504,Octavia Spencer
2136,417404,262504,Ashley Judd
2137,419055,297761,Viola Davis
2138,419357,188927,Zoe Saldana
2139,420835,211672,Sandra Bullock
2140,420838,211672,Allison Janney
2141,421492,105864,Frances McDormand
2142,421650,206647,Judi Dench
2143,423318,321697,Kate Winslet
2144,423337,225728,Marion Cotillard
2145,423501,296099,Leslie Mann
2146,424668,209112,Amy Adams
2147,424670,209112,Diane Lane
2148,424704,209112,Carla Gugino
2149,426954,264999,Elizabeth Banks
2150,427554,278927,Scarlett Johansson
2151,431216,182560,Charlize Theron
2152,431218,182560,Chloë Grace Moretz
2153,432278,282984,Emma Stone
2154,432982,273481,Emily Blunt
2155,434668,257211,Anne Hathaway
2156,434669,257211,Rene Russo
2157,434679,257211,Celia Weston
2158,435323,300667,Elle Fanning
2159,435324,300667,Susan Sarandon
2160,435325,300667,Naomi Watts
2161,436439,298312,Kathryn Hahn
2162,436460,290751,Nicole Kidman
2163,436461,290751,Julia Roberts
2164,437051,261392,Kristen Stewart
2165,439690,301875,Kristen Stewart
2166,439758,273477,Cloris Leachman
2167,439804,245168,Helena Bonham Carter
2168,439805,245168,Meryl Streep
2169,442108,328589,Maggie Smith
2170,443392,303991,Naomi Watts
2171,443887,10317,Sandra Bullock
2172,444233,253412,Robin Wright
2173,444234,253412,Keira Knightley
2174,444846,295964,Emma Thompson
2175,446854,159824,Molly Shannon
2176,447589,306745,Julianne Moore
2177,447618,314385,Angelina Jolie
2178,447645,309809,Marion Cotillard
2179,447965,297762,Robin Wright
2180,449915,270487,Scarlett Johansson
2181,449916,270487,Tilda Swinton
2182,449918,270487,Frances McDormand
2183,452853,4912,Drew Barrymore
2184,452854,4912,Julia Roberts
2185,453547,253414,Kate Hudson
2186,454550,266639,Juliette Lewis
2187,455026,298382,Kate Winslet
2188,455676,294016,Diane Lane
2189,455677,294016,Helen Mirren
2190,455678,294016,Elle Fanning
2191,460538,333348,Diane Keaton
2192,463886,299687,Chloë Grace Moretz
2193,463892,299687,Maria Bello
2194,464989,300693,Cate Blanchett
2195,466547,329833,Penélope Cruz
2196,466548,329833,Kristen Wiig
2197,466551,329833,Milla Jovovich
2198,466583,329833,Susan Sarandon
2199,466936,259694,Leslie Mann
2200,467841,340666,Amy Adams
2201,467968,266294,Amy Poehler
2202,467971,266294,Maya Rudolph
2203,468198,140300,Angelina Jolie
2204,468204,140300,Kate Hudson
2205,471160,174751,Natalie Portman
2206,476834,146198,Kate Winslet
2207,476982,267860,Angela Bassett
2208,477012,269149,Octavia Spencer
2209,477110,267193,Penélope Cruz
2210,486615,301365,Elle Fanning
2211,487226,333352,Helen Mirren
2212,488078,339984,Jennifer Garner
2213,488083,339984,Queen Latifah
2214,488348,315664,Meryl Streep
2215,489016,342521,Anna Faris
2216,490894,290595,Charlize Theron
2217,490895,290595,Emily Blunt
2218,490936,325133,Rose Byrne
2219,490938,325133,Chloë Grace Moretz
2220,492996,303858,Julia Roberts
2221,493159,322240,Jennifer Garner
2222,493433,127380,Diane Keaton
2223,493451,127380,Allison Janney
2224,493459,127380,Sigourney Weaver
2225,493500,323676,Melissa McCarthy
2226,493503,323676,Kathy Bates
2227,493506,323676,Margo Martindale
2228,493649,153518,Maya Rudolph
2229,494541,353069,Jennifer Aniston
2230,494542,353069,Julia Roberts
2231,494543,353069,Kate Hudson
2232,494547,353069,Margo Martindale
2233,494556,353069,Jennifer Garner
2234,495199,234004,Rosario Dawson
2235,496153,290250,Kim Basinger
2236,498460,241259,Anne Hathaway
2237,498461,241259,Helena Bonham Carter
2238,498670,223702,Kristen Wiig
2239,498681,223702,Salma Hayek
2240,499117,334533,Kathryn Hahn
2241,499535,337154,Susan Sarandon
2242,499536,337154,Rose Byrne
2243,500038,339397,Kristen Stewart
2244,502886,43074,Melissa McCarthy
2245,502887,43074,Kristen Wiig
2246,502913,43074,Sigourney Weaver
2247,503883,302699,Melissa McCarthy
2248,505260,316023,Anna Kendrick
2249,505319,278154,Queen Latifah
2250,505324,278154,Jennifer Lopez
2251,505340,345911,Maria Bello
2252,506843,328387,Juliette Lewis
2253,508844,376659,Kathryn Hahn
2254,511352,278924,Jessica Alba
2255,512034,213681,Kristen Wiig
2256,512360,313297,Charlize Theron
2257,512406,95610,Renée Zellweger
2258,512411,95610,Emma Thompson
2259,512426,283552,Rachel Weisz
2260,512472,296524,Kate Hudson
2261,512488,283366,Judi Dench
2262,512491,283366,Allison Janney
2263,512536,346685,Emily Blunt
2264,512541,346685,Allison Janney
2265,512601,302946,Anna Kendrick
2266,517159,293767,Kristen Stewart
2267,517356,325346,Margo Martindale
2268,517359,325346,Anna Kendrick
2269,518324,258230,Sigourney Weaver
2270,518340,329865,Amy Adams
2271,518481,332210,Jennifer Aniston
2272,521226,313369,Emma Stone
2273,521613,369885,Marion Cotillard
2274,522152,335796,Lin Shaye
2275,522350,136799,Anna Kendrick
2276,522723,286567,Maria Bello
2277,523069,402298,Rachel Weisz
2278,523982,334543,Nicole Kidman
2279,524338,338964,Kathy Bates
2280,524344,338964,Octavia Spencer
2281,525446,345920,Kate Winslet
2282,525448,345920,Helen Mirren
2283,525449,345920,Keira Knightley
2284,526459,329981,Naomi Watts
2285,527244,376866,Natalie Portman
2286,527251,376866,Beth Grant
2287,527331,384682,Jennifer Aniston
2288,527494,365942,Carla Gugino
2289,527672,259695,Elle Fanning
2290,527676,259695,Zoe Saldana
2291,528424,381284,Octavia Spencer
2292,528427,381284,Kirsten Dunst
2293,528604,393457,Viola Davis
2294,528930,342737,Elle Fanning
2295,529885,335797,Reese Witherspoon
2296,529887,335797,Scarlett Johansson
2297,531082,121856,Marion Cotillard
2298,531694,388399,Michelle Monaghan
2299,532021,342473,Elle Fanning
2300,532166,324542,Michelle Monaghan
2301,532775,324849,Rosario Dawson
2302,534463,419430,Catherine Keener
2303,535290,321612,Emma Thompson
2304,535826,173897,Milla Jovovich
2305,536100,315837,Scarlett Johansson
2306,536577,341174,Kim Basinger
2307,536578,341174,Marcia Gay Harden
2308,538241,330947,Natalie Portman
2309,538242,330947,Cate Blanchett
2310,540088,340676,Kristen Stewart
2311,540518,345938,Octavia Spencer
2312,541064,305470,Elizabeth Banks
2313,542690,417644,Maya Rudolph
2314,542721,353569,Anna Kendrick
2315,542736,353569,Margo Martindale
2316,543846,137116,Julia Roberts
2317,544234,400928,Octavia Spencer
2318,544775,418437,Rosario Dawson
2319,544801,373569,Joan Cusack
2320,545079,337339,Charlize Theron
2321,545089,337339,Helen Mirren
2322,545688,260514,Margo Martindale
2323,545920,382614,Naomi Watts
2324,548817,399019,Nicole Kidman
2325,548818,399019,Kirsten Dunst
2326,548819,399019,Elle Fanning
2327,549343,397422,Scarlett Johansson
2328,552490,324852,Kristen Wiig
2329,553432,375867,Diane Lane
2330,554873,281338,Judy Greer
2331,554969,293768,Halle Berry
2332,558356,341013,Charlize Theron
2333,562023,378236,Anna Faris
2334,562024,378236,Maya Rudolph
2335,562026,378236,Jennifer Coolidge
